{
  "episode_rewards_red": [
    80.0,
    186.0,
    338.0,
    277.0,
    153.0,
    145.0,
    -27.0,
    -18.0,
    -42.0,
    -61.0,
    -87.0,
    -75.0,
    -87.0,
    -84.0,
    -67.0,
    -87.0,
    -76.0,
    -91.0,
    -94.0,
    -99.0,
    -94.0,
    -99.0,
    -87.0,
    -91.0,
    -85.0,
    -84.0,
    -65.0,
    -77.0,
    -80.0,
    -79.0,
    -78.0,
    -89.0,
    -89.0,
    -73.0,
    -70.0,
    -77.0,
    -80.0,
    -98.0,
    -73.0,
    -90.0,
    -87.0,
    -76.0,
    -76.0,
    -95.0,
    -56.0,
    -91.0,
    -76.0,
    -57.0,
    -93.0,
    -91.0,
    -78.0,
    -78.0,
    -67.0,
    -53.0,
    -62.0,
    -73.0,
    -61.0,
    -67.0,
    -83.0,
    -83.0,
    -60.0,
    -105.0,
    -69.0,
    -96.0,
    -75.0,
    -77.0,
    -77.0,
    -89.0,
    -84.0,
    -84.0,
    -94.0,
    -76.0,
    -87.0,
    -80.0,
    -75.0,
    -72.0,
    -97.0,
    -74.0,
    -101.0,
    -65.0,
    -52.0,
    -58.0,
    -97.0,
    -59.0,
    -68.0,
    -95.0,
    -83.0,
    -86.0,
    -72.0,
    -60.0,
    -104.0,
    -49.0,
    -87.0,
    -90.0,
    -88.0,
    -77.0,
    -73.0,
    -76.0,
    -63.0,
    -80.0
  ],
  "episode_rewards_blue": [
    33.0,
    56.5,
    54.0,
    61.0,
    70.5,
    85.5,
    215.0,
    224.0,
    211.0,
    238.0,
    268.0,
    250.0,
    274.0,
    259.0,
    235.0,
    250.0,
    235.0,
    259.0,
    253.0,
    274.0,
    256.0,
    265.0,
    250.0,
    259.0,
    244.0,
    247.0,
    229.0,
    241.0,
    253.0,
    235.0,
    238.0,
    247.0,
    253.0,
    229.0,
    238.0,
    232.0,
    247.0,
    259.0,
    232.0,
    259.0,
    256.0,
    232.0,
    247.0,
    268.0,
    232.0,
    262.0,
    247.0,
    229.0,
    259.0,
    259.0,
    235.0,
    259.0,
    244.0,
    247.0,
    241.0,
    244.0,
    238.0,
    244.0,
    253.0,
    250.0,
    232.0,
    283.0,
    235.0,
    262.0,
    232.0,
    241.0,
    241.0,
    250.0,
    244.0,
    253.0,
    262.0,
    226.0,
    253.0,
    241.0,
    238.0,
    232.0,
    265.0,
    244.0,
    271.0,
    232.0,
    223.0,
    217.0,
    265.0,
    232.0,
    229.0,
    262.0,
    250.0,
    253.0,
    247.0,
    244.0,
    274.0,
    226.0,
    265.0,
    265.0,
    262.0,
    256.0,
    256.0,
    253.0,
    229.0,
    259.0
  ],
  "attack_success_rate": [
    0.2765957446808511,
    0.425531914893617,
    0.6470588235294118,
    0.5714285714285714,
    0.3958333333333333,
    0.40425531914893614,
    0.061224489795918366,
    0.06382978723404255,
    0.0,
    0.0,
    0.0,
    0.0,
    0.0,
    0.0,
    0.0,
    0.0,
    0.0,
    0.0,
    0.0,
    0.0,
    0.0,
    0.0,
    0.0,
    0.0,
    0.0,
    0.0,
    0.0,
    0.0,
    0.0,
    0.0,
    0.0,
    0.0,
    0.0,
    0.0,
    0.0,
    0.0,
    0.0,
    0.0,
    0.0,
    0.0,
    0.0,
    0.0,
    0.0,
    0.0,
    0.0,
    0.0,
    0.0,
    0.0,
    0.0,
    0.0,
    0.0,
    0.0,
    0.0,
    0.0,
    0.0,
    0.0,
    0.0,
    0.0,
    0.0,
    0.0,
    0.0,
    0.0,
    0.0,
    0.0,
    0.0,
    0.0,
    0.0,
    0.0,
    0.0,
    0.0,
    0.0,
    0.0,
    0.0,
    0.0,
    0.0,
    0.0,
    0.0,
    0.0,
    0.0,
    0.0,
    0.0,
    0.0,
    0.0,
    0.0,
    0.0,
    0.0,
    0.0,
    0.0,
    0.0,
    0.0,
    0.0,
    0.0,
    0.0,
    0.0,
    0.0,
    0.0,
    0.0,
    0.0,
    0.0,
    0.0
  ],
  "detection_accuracy": [
    0.723404255319149,
    0.574468085106383,
    0.35294117647058826,
    0.42857142857142855,
    0.6041666666666666,
    0.5957446808510638,
    0.9387755102040817,
    0.9361702127659575,
    1.0,
    1.0,
    1.0,
    1.0,
    1.0,
    1.0,
    1.0,
    1.0,
    1.0,
    1.0,
    1.0,
    1.0,
    1.0,
    1.0,
    1.0,
    1.0,
    1.0,
    1.0,
    1.0,
    1.0,
    1.0,
    1.0,
    1.0,
    1.0,
    1.0,
    1.0,
    1.0,
    1.0,
    1.0,
    1.0,
    1.0,
    1.0,
    1.0,
    1.0,
    1.0,
    1.0,
    1.0,
    1.0,
    1.0,
    1.0,
    1.0,
    1.0,
    1.0,
    1.0,
    1.0,
    1.0,
    1.0,
    1.0,
    1.0,
    1.0,
    1.0,
    1.0,
    1.0,
    1.0,
    1.0,
    1.0,
    1.0,
    1.0,
    1.0,
    1.0,
    1.0,
    1.0,
    1.0,
    1.0,
    1.0,
    1.0,
    1.0,
    1.0,
    1.0,
    1.0,
    1.0,
    1.0,
    1.0,
    1.0,
    1.0,
    1.0,
    1.0,
    1.0,
    1.0,
    1.0,
    1.0,
    1.0,
    1.0,
    1.0,
    1.0,
    1.0,
    1.0,
    1.0,
    1.0,
    1.0,
    1.0,
    1.0
  ],
  "false_positive_rate": [
    0.7169811320754716,
    0.49056603773584906,
    0.2857142857142857,
    0.29411764705882354,
    0.38461538461538464,
    0.3018867924528302,
    0.0784313725490196,
    0.018867924528301886,
    0.0,
    0.0,
    0.0,
    0.0,
    0.0,
    0.0,
    0.0,
    0.0,
    0.0,
    0.0,
    0.0,
    0.0,
    0.0,
    0.0,
    0.0,
    0.0,
    0.0,
    0.0,
    0.0,
    0.0,
    0.0,
    0.0,
    0.0,
    0.0,
    0.0,
    0.0,
    0.0,
    0.0,
    0.0,
    0.0,
    0.0,
    0.0,
    0.0,
    0.0,
    0.0,
    0.0,
    0.0,
    0.0,
    0.0,
    0.0,
    0.0,
    0.0,
    0.0,
    0.0,
    0.0,
    0.0,
    0.0,
    0.0,
    0.0,
    0.0,
    0.0,
    0.0,
    0.0,
    0.0,
    0.0,
    0.0,
    0.0,
    0.0,
    0.0,
    0.0,
    0.0,
    0.0,
    0.0,
    0.0,
    0.0,
    0.0,
    0.0,
    0.0,
    0.0,
    0.0,
    0.0,
    0.0,
    0.0,
    0.0,
    0.0,
    0.0,
    0.0,
    0.0,
    0.0,
    0.0,
    0.0,
    0.0,
    0.0,
    0.0,
    0.0,
    0.0,
    0.0,
    0.0,
    0.0,
    0.0,
    0.0,
    0.0
  ],
  "blue_win_rate": [
    0.723404255319149,
    0.574468085106383,
    0.35294117647058826,
    0.42857142857142855,
    0.6041666666666666,
    0.5957446808510638,
    0.9387755102040817,
    0.9361702127659575,
    1.0,
    1.0,
    1.0,
    1.0,
    1.0,
    1.0,
    1.0,
    1.0,
    1.0,
    1.0,
    1.0,
    1.0,
    1.0,
    1.0,
    1.0,
    1.0,
    1.0,
    1.0,
    1.0,
    1.0,
    1.0,
    1.0,
    1.0,
    1.0,
    1.0,
    1.0,
    1.0,
    1.0,
    1.0,
    1.0,
    1.0,
    1.0,
    1.0,
    1.0,
    1.0,
    1.0,
    1.0,
    1.0,
    1.0,
    1.0,
    1.0,
    1.0,
    1.0,
    1.0,
    1.0,
    1.0,
    1.0,
    1.0,
    1.0,
    1.0,
    1.0,
    1.0,
    1.0,
    1.0,
    1.0,
    1.0,
    1.0,
    1.0,
    1.0,
    1.0,
    1.0,
    1.0,
    1.0,
    1.0,
    1.0,
    1.0,
    1.0,
    1.0,
    1.0,
    1.0,
    1.0,
    1.0,
    1.0,
    1.0,
    1.0,
    1.0,
    1.0,
    1.0,
    1.0,
    1.0,
    1.0,
    1.0,
    1.0,
    1.0,
    1.0,
    1.0,
    1.0,
    1.0,
    1.0,
    1.0,
    1.0,
    1.0
  ],
  "red_epsilon": [
    0.8603006205218038,
    0.7589746224457501,
    0.6695827758060644,
    0.5907194791459589,
    0.5211446824067373,
    0.45976438832434763,
    0.40561345036671287,
    0.35784039672582285,
    0.3156940417363508,
    0.2785116741981325,
    0.2457086368751538,
    0.21676913331861697,
    0.19123811746015132,
    0.1687141384467661,
    0.14884302820940368,
    0.13131233250813534,
    0.11584639788750095,
    0.1022020372890546,
    0.1,
    0.1,
    0.1,
    0.1,
    0.1,
    0.1,
    0.1,
    0.1,
    0.1,
    0.1,
    0.1,
    0.1,
    0.1,
    0.1,
    0.1,
    0.1,
    0.1,
    0.1,
    0.1,
    0.1,
    0.1,
    0.1,
    0.1,
    0.1,
    0.1,
    0.1,
    0.1,
    0.1,
    0.1,
    0.1,
    0.1,
    0.1,
    0.1,
    0.1,
    0.1,
    0.1,
    0.1,
    0.1,
    0.1,
    0.1,
    0.1,
    0.1,
    0.1,
    0.1,
    0.1,
    0.1,
    0.1,
    0.1,
    0.1,
    0.1,
    0.1,
    0.1,
    0.1,
    0.1,
    0.1,
    0.1,
    0.1,
    0.1,
    0.1,
    0.1,
    0.1,
    0.1,
    0.1,
    0.1,
    0.1,
    0.1,
    0.1,
    0.1,
    0.1,
    0.1,
    0.1,
    0.1,
    0.1,
    0.1,
    0.1,
    0.1,
    0.1,
    0.1,
    0.1,
    0.1,
    0.1,
    0.1
  ],